Dia,Hora,PCB,TEUPCB
"29/12/2021","00-01","155,06","0,92"
"29/12/2021","01-02","135,00","0,92"
"29/12/2021","02-03","137,11","0,92"
"29/12/2021","03-04","133,30","0,92"
"29/12/2021","04-05","137,27","0,92"
"29/12/2021","05-06","165,59","0,92"
"29/12/2021","06-07","192,82","0,92"
"29/12/2021","07-08","244,08","0,92"
"29/12/2021","08-09","266,84","21,45"
"29/12/2021","09-10","269,53","21,45"
"29/12/2021","10-11","281,48","31,51"
"29/12/2021","11-12","281,41","31,51"
"29/12/2021","12-13","282,83","31,51"
"29/12/2021","13-14","283,02","31,51"
"29/12/2021","14-15","271,75","21,45"
"29/12/2021","15-16","266,62","21,45"
"29/12/2021","16-17","267,19","21,45"
"29/12/2021","17-18","273,99","21,45"
"29/12/2021","18-19","317,25","31,51"
"29/12/2021","19-20","328,87","31,51"
"29/12/2021","20-21","348,14","31,51"
"29/12/2021","21-22","332,46","31,51"
"29/12/2021","22-23","297,48","21,45"
"29/12/2021","23-24","276,85","21,45"
"30/12/2021","00-01","262,60","0,92"
"30/12/2021","01-02","248,56","0,92"
"30/12/2021","02-03","240,45","0,92"
"30/12/2021","03-04","237,34","0,92"
"30/12/2021","04-05","236,89","0,92"
"30/12/2021","05-06","236,34","0,92"
"30/12/2021","06-07","252,62","0,92"
"30/12/2021","07-08","256,07","0,92"
"30/12/2021","08-09","297,98","21,45"
"30/12/2021","09-10","294,38","21,45"
"30/12/2021","10-11","268,43","31,51"
"30/12/2021","11-12","255,14","31,51"
"30/12/2021","12-13","255,59","31,51"
"30/12/2021","13-14","261,73","31,51"
"30/12/2021","14-15","248,92","21,45"
"30/12/2021","15-16","243,93","21,45"
"30/12/2021","16-17","257,96","21,45"
"30/12/2021","17-18","302,28","21,45"
"30/12/2021","18-19","343,42","31,51"
"30/12/2021","19-20","343,15","31,51"
"30/12/2021","20-21","339,64","31,51"
"30/12/2021","21-22","330,23","31,51"
"30/12/2021","22-23","276,32","21,45"
"30/12/2021","23-24","260,69","21,45"
"31/12/2021","00-01","201,39","0,92"
"31/12/2021","01-02","180,20","0,92"
"31/12/2021","02-03","165,39","0,92"
"31/12/2021","03-04","164,15","0,92"
"31/12/2021","04-05","160,95","0,92"
"31/12/2021","05-06","162,33","0,92"
"31/12/2021","06-07","167,32","0,92"
"31/12/2021","07-08","174,32","0,92"
"31/12/2021","08-09","199,37","21,45"
"31/12/2021","09-10","201,48","21,45"
"31/12/2021","10-11","204,62","31,51"
"31/12/2021","11-12","178,85","31,51"
"31/12/2021","12-13","190,47","31,51"
"31/12/2021","13-14","191,31","31,51"
"31/12/2021","14-15","199,90","21,45"
"31/12/2021","15-16","198,38","21,45"
"31/12/2021","16-17","221,07","21,45"
"31/12/2021","17-18","256,58","21,45"
"31/12/2021","18-19","279,38","31,51"
"31/12/2021","19-20","270,54","31,51"
"31/12/2021","20-21","261,40","31,51"
"31/12/2021","21-22","252,43","31,51"
"31/12/2021","22-23","200,33","21,45"
"31/12/2021","23-24","188,09","21,45"
"01/01/2022","00-01","204,51","4,35"
"01/01/2022","01-02","171,35","4,35"
"01/01/2022","02-03","172,70","4,35"
"01/01/2022","03-04","156,07","4,35"
"01/01/2022","04-05","159,08","4,35"
"01/01/2022","05-06","157,28","4,35"
"01/01/2022","06-07","158,87","4,35"
"01/01/2022","07-08","157,58","4,35"
"01/01/2022","08-09","156,18","4,35"
"01/01/2022","09-10","118,96","4,35"
"01/01/2022","10-11","122,06","4,35"
"01/01/2022","11-12","127,97","4,35"
"01/01/2022","12-13","139,90","4,35"
"01/01/2022","13-14","141,95","4,35"
"01/01/2022","14-15","143,48","4,35"
"01/01/2022","15-16","147,69","4,35"
"01/01/2022","16-17","172,14","4,35"
"01/01/2022","17-18","212,24","4,35"
"01/01/2022","18-19","240,74","4,35"
"01/01/2022","19-20","244,33","4,35"
"01/01/2022","20-21","247,11","4,35"
"01/01/2022","21-22","248,38","4,35"
"01/01/2022","22-23","248,88","4,35"
"01/01/2022","23-24","229,10","4,35"
"02/01/2022","00-01","186,21","4,35"
"02/01/2022","01-02","168,59","4,35"
"02/01/2022","02-03","164,36","4,35"
"02/01/2022","03-04","168,80","4,35"
"02/01/2022","04-05","173,15","4,35"
"02/01/2022","05-06","167,53","4,35"
"02/01/2022","06-07","170,81","4,35"
"02/01/2022","07-08","183,78","4,35"
"02/01/2022","08-09","165,48","4,35"
"02/01/2022","09-10","160,64","4,35"
"02/01/2022","10-11","153,62","4,35"
"02/01/2022","11-12","141,37","4,35"
"02/01/2022","12-13","141,13","4,35"
"02/01/2022","13-14","147,85","4,35"
"02/01/2022","14-15","154,49","4,35"
"02/01/2022","15-16","148,14","4,35"
"02/01/2022","16-17","159,93","4,35"
"02/01/2022","17-18","210,37","4,35"
"02/01/2022","18-19","252,85","4,35"
"02/01/2022","19-20","255,34","4,35"
"02/01/2022","20-21","267,48","4,35"
"02/01/2022","21-22","268,11","4,35"
"02/01/2022","22-23","247,70","4,35"
"02/01/2022","23-24","232,27","4,35"
"03/01/2022","00-01","237,41","4,35"
"03/01/2022","01-02","215,14","4,35"
"03/01/2022","02-03","208,71","4,35"
"03/01/2022","03-04","203,75","4,35"
"03/01/2022","04-05","196,49","4,35"
"03/01/2022","05-06","200,68","4,35"
"03/01/2022","06-07","202,87","4,35"
"03/01/2022","07-08","206,64","4,35"
"03/01/2022","08-09","265,11","33,74"
"03/01/2022","09-10","257,98","33,74"
"03/01/2022","10-11","298,68","100,76"
"03/01/2022","11-12","288,37","100,76"
"03/01/2022","12-13","284,07","100,76"
"03/01/2022","13-14","276,19","100,76"
"03/01/2022","14-15","189,77","33,74"
"03/01/2022","15-16","173,26","33,74"
"03/01/2022","16-17","190,30","33,74"
"03/01/2022","17-18","217,17","33,74"
"03/01/2022","18-19","319,66","100,76"
"03/01/2022","19-20","326,48","100,76"
"03/01/2022","20-21","295,16","100,76"
"03/01/2022","21-22","281,10","100,76"
"03/01/2022","22-23","179,33","33,74"
"03/01/2022","23-24","164,71","33,74"
"04/01/2022","00-01","174,65","4,35"
"04/01/2022","01-02","163,91","4,35"
"04/01/2022","02-03","161,68","4,35"
"04/01/2022","03-04","153,58","4,35"
"04/01/2022","04-05","152,68","4,35"
"04/01/2022","05-06","163,79","4,35"
"04/01/2022","06-07","206,56","4,35"
"04/01/2022","07-08","207,43","4,35"
"04/01/2022","08-09","252,67","33,74"
"04/01/2022","09-10","265,20","33,74"
"04/01/2022","10-11","332,83","100,76"
"04/01/2022","11-12","323,75","100,76"
"04/01/2022","12-13","323,76","100,76"
"04/01/2022","13-14","320,06","100,76"
"04/01/2022","14-15","232,02","33,74"
"04/01/2022","15-16","225,99","33,74"
"04/01/2022","16-17","228,76","33,74"
"04/01/2022","17-18","238,30","33,74"
"04/01/2022","18-19","331,50","100,76"
"04/01/2022","19-20","324,57","100,76"
"04/01/2022","20-21","299,28","100,76"
"04/01/2022","21-22","291,42","100,76"
"04/01/2022","22-23","211,35","33,74"
"04/01/2022","23-24","174,07","33,74"
"05/01/2022","00-01","166,59","4,35"
"05/01/2022","01-02","149,69","4,35"
"05/01/2022","02-03","125,37","4,35"
"05/01/2022","03-04","114,73","4,35"
"05/01/2022","04-05","119,00","4,35"
"05/01/2022","05-06","138,39","4,35"
"05/01/2022","06-07","225,58","4,35"
"05/01/2022","07-08","262,78","4,35"
"05/01/2022","08-09","290,49","33,74"
"05/01/2022","09-10","292,89","33,74"
"05/01/2022","10-11","355,70","100,76"
"05/01/2022","11-12","348,34","100,76"
"05/01/2022","12-13","345,65","100,76"
"05/01/2022","13-14","342,63","100,76"
"05/01/2022","14-15","271,42","33,74"
"05/01/2022","15-16","277,27","33,74"
"05/01/2022","16-17","286,09","33,74"
"05/01/2022","17-18","291,59","33,74"
"05/01/2022","18-19","377,89","100,76"
"05/01/2022","19-20","408,58","100,76"
"05/01/2022","20-21","399,05","100,76"
"05/01/2022","21-22","372,09","100,76"
"05/01/2022","22-23","290,24","33,74"
"05/01/2022","23-24","283,57","33,74"
"06/01/2022","00-01","273,97","4,35"
"06/01/2022","01-02","274,38","4,35"
"06/01/2022","02-03","260,05","4,35"
"06/01/2022","03-04","247,79","4,35"
"06/01/2022","04-05","235,25","4,35"
"06/01/2022","05-06","265,43","4,35"
"06/01/2022","06-07","274,40","4,35"
"06/01/2022","07-08","285,48","4,35"
"06/01/2022","08-09","288,54","4,35"
"06/01/2022","09-10","282,62","4,35"
"06/01/2022","10-11","272,53","4,35"
"06/01/2022","11-12","262,94","4,35"
"06/01/2022","12-13","259,46","4,35"
"06/01/2022","13-14","259,12","4,35"
"06/01/2022","14-15","250,31","4,35"
"06/01/2022","15-16","245,51","4,35"
"06/01/2022","16-17","261,18","4,35"
"06/01/2022","17-18","284,00","4,35"
"06/01/2022","18-19","347,92","4,35"
"06/01/2022","19-20","352,09","4,35"
"06/01/2022","20-21","318,89","4,35"
"06/01/2022","21-22","292,36","4,35"
"06/01/2022","22-23","276,92","4,35"
"06/01/2022","23-24","272,25","4,35"
"07/01/2022","00-01","281,47","4,35"
"07/01/2022","01-02","254,67","4,35"
"07/01/2022","02-03","244,39","4,35"
"07/01/2022","03-04","227,46","4,35"
"07/01/2022","04-05","225,30","4,35"
"07/01/2022","05-06","226,36","4,35"
"07/01/2022","06-07","225,44","4,35"
"07/01/2022","07-08","276,05","4,35"
"07/01/2022","08-09","329,12","33,74"
"07/01/2022","09-10","335,97","33,74"
"07/01/2022","10-11","392,01","100,76"
"07/01/2022","11-12","383,69","100,76"
"07/01/2022","12-13","364,74","100,76"
"07/01/2022","13-14","359,73","100,76"
"07/01/2022","14-15","285,33","33,74"
"07/01/2022","15-16","290,13","33,74"
"07/01/2022","16-17","303,09","33,74"
"07/01/2022","17-18","332,49","33,74"
"07/01/2022","18-19","422,83","100,76"
"07/01/2022","19-20","410,28","100,76"
"07/01/2022","20-21","404,24","100,76"
"07/01/2022","21-22","405,34","100,76"
"07/01/2022","22-23","328,15","33,74"
"07/01/2022","23-24","304,51","33,74"
"08/01/2022","00-01","347,83","4,35"
"08/01/2022","01-02","314,43","4,35"
"08/01/2022","02-03","292,02","4,35"
"08/01/2022","03-04","288,61","4,35"
"08/01/2022","04-05","276,73","4,35"
"08/01/2022","05-06","276,13","4,35"
"08/01/2022","06-07","274,28","4,35"
"08/01/2022","07-08","280,59","4,35"
"08/01/2022","08-09","284,15","4,35"
"08/01/2022","09-10","295,87","4,35"
"08/01/2022","10-11","289,82","4,35"
"08/01/2022","11-12","273,62","4,35"
"08/01/2022","12-13","263,92","4,35"
"08/01/2022","13-14","239,43","4,35"
"08/01/2022","14-15","221,52","4,35"
"08/01/2022","15-16","214,72","4,35"
"08/01/2022","16-17","217,44","4,35"
"08/01/2022","17-18","249,06","4,35"
"08/01/2022","18-19","267,87","4,35"
"08/01/2022","19-20","269,97","4,35"
"08/01/2022","20-21","269,94","4,35"
"08/01/2022","21-22","270,00","4,35"
"08/01/2022","22-23","243,49","4,35"
"08/01/2022","23-24","199,53","4,35"
"09/01/2022","00-01","161,24","4,35"
"09/01/2022","01-02","140,56","4,35"
"09/01/2022","02-03","129,35","4,35"
"09/01/2022","03-04","100,83","4,35"
"09/01/2022","04-05","90,10","4,35"
"09/01/2022","05-06","94,50","4,35"
"09/01/2022","06-07","123,58","4,35"
"09/01/2022","07-08","140,44","4,35"
"09/01/2022","08-09","157,19","4,35"
"09/01/2022","09-10","192,05","4,35"
"09/01/2022","10-11","188,28","4,35"
"09/01/2022","11-12","163,06","4,35"
"09/01/2022","12-13","102,19","4,35"
"09/01/2022","13-14","102,17","4,35"
"09/01/2022","14-15","87,97","4,35"
"09/01/2022","15-16","36,35","4,35"
"09/01/2022","16-17","136,04","4,35"
"09/01/2022","17-18","217,44","4,35"
"09/01/2022","18-19","271,74","4,35"
"09/01/2022","19-20","306,97","4,35"
"09/01/2022","20-21","295,63","4,35"
"09/01/2022","21-22","275,39","4,35"
"09/01/2022","22-23","278,99","4,35"
"09/01/2022","23-24","251,28","4,35"
"10/01/2022","00-01","262,58","4,35"
"10/01/2022","01-02","227,99","4,35"
"10/01/2022","02-03","220,69","4,35"
"10/01/2022","03-04","222,04","4,35"
"10/01/2022","04-05","222,81","4,35"
"10/01/2022","05-06","238,49","4,35"
"10/01/2022","06-07","263,71","4,35"
"10/01/2022","07-08","287,76","4,35"
"10/01/2022","08-09","320,99","33,74"
"10/01/2022","09-10","326,44","33,74"
"10/01/2022","10-11","392,64","100,76"
"10/01/2022","11-12","380,14","100,76"
"10/01/2022","12-13","372,89","100,76"
"10/01/2022","13-14","365,22","100,76"
"10/01/2022","14-15","283,98","33,74"
"10/01/2022","15-16","278,82","33,74"
"10/01/2022","16-17","306,79","33,74"
"10/01/2022","17-18","347,18","33,74"
"10/01/2022","18-19","453,92","100,76"
"10/01/2022","19-20","464,32","100,76"
"10/01/2022","20-21","432,73","100,76"
"10/01/2022","21-22","403,78","100,76"
"10/01/2022","22-23","304,88","33,74"
"10/01/2022","23-24","284,01","33,74"
"11/01/2022","00-01","271,37","4,35"
"11/01/2022","01-02","262,80","4,35"
"11/01/2022","02-03","257,57","4,35"
"11/01/2022","03-04","252,26","4,35"
"11/01/2022","04-05","254,89","4,35"
"11/01/2022","05-06","265,92","4,35"
"11/01/2022","06-07","280,93","4,35"
"11/01/2022","07-08","285,84","4,35"
"11/01/2022","08-09","337,72","33,74"
"11/01/2022","09-10","336,95","33,74"
"11/01/2022","10-11","395,70","100,76"
"11/01/2022","11-12","358,79","100,76"
"11/01/2022","12-13","352,51","100,76"
"11/01/2022","13-14","352,21","100,76"
"11/01/2022","14-15","283,27","33,74"
"11/01/2022","15-16","284,13","33,74"
"11/01/2022","16-17","291,96","33,74"
"11/01/2022","17-18","330,71","33,74"
"11/01/2022","18-19","422,53","100,76"
"11/01/2022","19-20","424,91","100,76"
"11/01/2022","20-21","426,54","100,76"
"11/01/2022","21-22","406,36","100,76"
"11/01/2022","22-23","316,68","33,74"
"11/01/2022","23-24","299,02","33,74"
"12/01/2022","00-01","252,57","4,35"
"12/01/2022","01-02","242,36","4,35"
"12/01/2022","02-03","239,97","4,35"
"12/01/2022","03-04","234,51","4,35"
"12/01/2022","04-05","232,98","4,35"
"12/01/2022","05-06","246,66","4,35"
"12/01/2022","06-07","237,68","4,35"
"12/01/2022","07-08","251,55","4,35"
"12/01/2022","08-09","297,34","33,74"
"12/01/2022","09-10","282,57","33,74"
"12/01/2022","10-11","344,20","100,76"
"12/01/2022","11-12","340,62","100,76"
"12/01/2022","12-13","341,34","100,76"
"12/01/2022","13-14","342,06","100,76"
"12/01/2022","14-15","272,99","33,74"
"12/01/2022","15-16","276,45","33,74"
"12/01/2022","16-17","278,14","33,74"
"12/01/2022","17-18","310,78","33,74"
"12/01/2022","18-19","415,28","100,76"
"12/01/2022","19-20","421,94","100,76"
"12/01/2022","20-21","412,67","100,76"
"12/01/2022","21-22","376,95","100,76"
"12/01/2022","22-23","297,30","33,74"
"12/01/2022","23-24","282,89","33,74"
"13/01/2022","00-01","244,57","4,35"
"13/01/2022","01-02","245,44","4,35"
"13/01/2022","02-03","245,66","4,35"
"13/01/2022","03-04","240,19","4,35"
"13/01/2022","04-05","245,14","4,35"
"13/01/2022","05-06","244,02","4,35"
"13/01/2022","06-07","246,50","4,35"
"13/01/2022","07-08","275,44","4,35"
"13/01/2022","08-09","309,59","33,74"
"13/01/2022","09-10","309,08","33,74"
"13/01/2022","10-11","369,03","100,76"
"13/01/2022","11-12","364,75","100,76"
"13/01/2022","12-13","361,85","100,76"
"13/01/2022","13-14","362,08","100,76"
"13/01/2022","14-15","292,98","33,74"
"13/01/2022","15-16","294,03","33,74"
"13/01/2022","16-17","302,86","33,74"
"13/01/2022","17-18","315,15","33,74"
"13/01/2022","18-19","421,18","100,76"
"13/01/2022","19-20","425,48","100,76"
"13/01/2022","20-21","413,21","100,76"
"13/01/2022","21-22","387,42","100,76"
"13/01/2022","22-23","303,65","33,74"
"13/01/2022","23-24","293,17","33,74"
"14/01/2022","00-01","262,33","4,35"
"14/01/2022","01-02","257,81","4,35"
"14/01/2022","02-03","254,54","4,35"
"14/01/2022","03-04","250,59","4,35"
"14/01/2022","04-05","250,46","4,35"
"14/01/2022","05-06","255,15","4,35"
"14/01/2022","06-07","262,76","4,35"
"14/01/2022","07-08","256,91","4,35"
"14/01/2022","08-09","287,49","33,74"
"14/01/2022","09-10","285,57","33,74"
"14/01/2022","10-11","344,43","100,76"
"14/01/2022","11-12","323,78","100,76"
"14/01/2022","12-13","321,34","100,76"
"14/01/2022","13-14","322,12","100,76"
"14/01/2022","14-15","253,24","33,74"
"14/01/2022","15-16","256,64","33,74"
"14/01/2022","16-17","279,03","33,74"
"14/01/2022","17-18","290,66","33,74"
"14/01/2022","18-19","380,39","100,76"
"14/01/2022","19-20","390,62","100,76"
"14/01/2022","20-21","392,52","100,76"
"14/01/2022","21-22","381,72","100,76"
"14/01/2022","22-23","302,64","33,74"
"14/01/2022","23-24","290,79","33,74"
"15/01/2022","00-01","286,34","4,35"
"15/01/2022","01-02","280,74","4,35"
"15/01/2022","02-03","276,22","4,35"
"15/01/2022","03-04","261,41","4,35"
"15/01/2022","04-05","257,56","4,35"
"15/01/2022","05-06","259,80","4,35"
"15/01/2022","06-07","265,11","4,35"
"15/01/2022","07-08","283,23","4,35"
"15/01/2022","08-09","287,55","4,35"
"15/01/2022","09-10","286,87","4,35"
"15/01/2022","10-11","279,47","4,35"
"15/01/2022","11-12","269,61","4,35"
"15/01/2022","12-13","262,24","4,35"
"15/01/2022","13-14","251,89","4,35"
"15/01/2022","14-15","256,25","4,35"
"15/01/2022","15-16","270,90","4,35"
"15/01/2022","16-17","278,89","4,35"
"15/01/2022","17-18","296,71","4,35"
"15/01/2022","18-19","339,66","4,35"
"15/01/2022","19-20","331,75","4,35"
"15/01/2022","20-21","309,71","4,35"
"15/01/2022","21-22","291,49","4,35"
"15/01/2022","22-23","285,12","4,35"
"15/01/2022","23-24","278,81","4,35"
"16/01/2022","00-01","292,17","4,35"
"16/01/2022","01-02","283,61","4,35"
"16/01/2022","02-03","275,19","4,35"
"16/01/2022","03-04","263,91","4,35"
"16/01/2022","04-05","251,80","4,35"
"16/01/2022","05-06","251,56","4,35"
"16/01/2022","06-07","263,84","4,35"
"16/01/2022","07-08","262,57","4,35"
"16/01/2022","08-09","260,29","4,35"
"16/01/2022","09-10","262,43","4,35"
"16/01/2022","10-11","259,01","4,35"
"16/01/2022","11-12","257,84","4,35"
"16/01/2022","12-13","259,23","4,35"
"16/01/2022","13-14","246,34","4,35"
"16/01/2022","14-15","242,96","4,35"
"16/01/2022","15-16","250,75","4,35"
"16/01/2022","16-17","257,96","4,35"
"16/01/2022","17-18","286,23","4,35"
"16/01/2022","18-19","327,88","4,35"
"16/01/2022","19-20","337,73","4,35"
"16/01/2022","20-21","327,41","4,35"
"16/01/2022","21-22","315,98","4,35"
"16/01/2022","22-23","292,21","4,35"
"16/01/2022","23-24","272,93","4,35"
"17/01/2022","00-01","323,78","4,35"
"17/01/2022","01-02","316,03","4,35"
"17/01/2022","02-03","305,12","4,35"
"17/01/2022","03-04","284,72","4,35"
"17/01/2022","04-05","277,28","4,35"
"17/01/2022","05-06","292,58","4,35"
"17/01/2022","06-07","316,88","4,35"
"17/01/2022","07-08","338,24","4,35"
"17/01/2022","08-09","355,17","33,74"
"17/01/2022","09-10","342,04","33,74"
"17/01/2022","10-11","394,71","100,76"
"17/01/2022","11-12","388,12","100,76"
"17/01/2022","12-13","387,93","100,76"
"17/01/2022","13-14","387,66","100,76"
"17/01/2022","14-15","317,12","33,74"
"17/01/2022","15-16","312,18","33,74"
"17/01/2022","16-17","320,12","33,74"
"17/01/2022","17-18","337,36","33,74"
"17/01/2022","18-19","426,45","100,76"
"17/01/2022","19-20","452,94","100,76"
"17/01/2022","20-21","443,98","100,76"
"17/01/2022","21-22","421,58","100,76"
"17/01/2022","22-23","342,39","33,74"
"17/01/2022","23-24","321,27","33,74"
"18/01/2022","00-01","274,90","4,35"
"18/01/2022","01-02","263,97","4,35"
"18/01/2022","02-03","261,72","4,35"
"18/01/2022","03-04","254,94","4,35"
"18/01/2022","04-05","254,54","4,35"
"18/01/2022","05-06","266,85","4,35"
"18/01/2022","06-07","285,77","4,35"
"18/01/2022","07-08","284,60","4,35"
"18/01/2022","08-09","320,16","33,74"
"18/01/2022","09-10","315,06","33,74"
"18/01/2022","10-11","370,24","100,76"
"18/01/2022","11-12","365,35","100,76"
"18/01/2022","12-13","364,30","100,76"
"18/01/2022","13-14","364,08","100,76"
"18/01/2022","14-15","293,84","33,74"
"18/01/2022","15-16","291,00","33,74"
"18/01/2022","16-17","299,61","33,74"
"18/01/2022","17-18","317,06","33,74"
"18/01/2022","18-19","415,06","100,76"
"18/01/2022","19-20","437,62","100,76"
"18/01/2022","20-21","422,39","100,76"
"18/01/2022","21-22","399,87","100,76"
"18/01/2022","22-23","314,33","33,74"
"18/01/2022","23-24","300,99","33,74"
"19/01/2022","00-01","285,53","4,35"
"19/01/2022","01-02","277,15","4,35"
"19/01/2022","02-03","263,58","4,35"
"19/01/2022","03-04","252,60","4,35"
"19/01/2022","04-05","246,87","4,35"
"19/01/2022","05-06","253,39","4,35"
"19/01/2022","06-07","283,32","4,35"
"19/01/2022","07-08","283,32","4,35"
"19/01/2022","08-09","323,80","33,74"
"19/01/2022","09-10","313,19","33,74"
"19/01/2022","10-11","363,91","100,76"
"19/01/2022","11-12","353,64","100,76"
"19/01/2022","12-13","354,00","100,76"
"19/01/2022","13-14","353,48","100,76"
"19/01/2022","14-15","252,43","33,74"
"19/01/2022","15-16","252,40","33,74"
"19/01/2022","16-17","258,48","33,74"
"19/01/2022","17-18","299,64","33,74"
"19/01/2022","18-19","394,94","100,76"
"19/01/2022","19-20","420,19","100,76"
"19/01/2022","20-21","414,15","100,76"
"19/01/2022","21-22","376,62","100,76"
"19/01/2022","22-23","291,73","33,74"
"19/01/2022","23-24","271,45","33,74"
"20/01/2022","00-01","251,49","4,35"
"20/01/2022","01-02","243,45","4,35"
"20/01/2022","02-03","238,02","4,35"
"20/01/2022","03-04","228,79","4,35"
"20/01/2022","04-05","224,97","4,35"
"20/01/2022","05-06","233,69","4,35"
"20/01/2022","06-07","239,80","4,35"
"20/01/2022","07-08","260,20","4,35"
"20/01/2022","08-09","299,63","33,74"
"20/01/2022","09-10","297,33","33,74"
"20/01/2022","10-11","352,57","100,76"
"20/01/2022","11-12","327,45","100,76"
"20/01/2022","12-13","312,27","100,76"
"20/01/2022","13-14","311,84","100,76"
"20/01/2022","14-15","232,53","33,74"
"20/01/2022","15-16","230,31","33,74"
"20/01/2022","16-17","235,18","33,74"
"20/01/2022","17-18","282,53","33,74"
"20/01/2022","18-19","368,64","100,76"
"20/01/2022","19-20","397,01","100,76"
"20/01/2022","20-21","374,67","100,76"
"20/01/2022","21-22","361,96","100,76"
"20/01/2022","22-23","265,64","33,74"
"20/01/2022","23-24","254,68","33,74"
"21/01/2022","00-01","233,85","4,35"
"21/01/2022","01-02","216,26","4,35"
"21/01/2022","02-03","212,20","4,35"
"21/01/2022","03-04","206,58","4,35"
"21/01/2022","04-05","206,71","4,35"
"21/01/2022","05-06","211,39","4,35"
"21/01/2022","06-07","211,08","4,35"
"21/01/2022","07-08","234,42","4,35"
"21/01/2022","08-09","282,92","33,74"
"21/01/2022","09-10","281,32","33,74"
"21/01/2022","10-11","325,92","100,76"
"21/01/2022","11-12","300,52","100,76"
"21/01/2022","12-13","298,90","100,76"
"21/01/2022","13-14","299,64","100,76"
"21/01/2022","14-15","230,30","33,74"
"21/01/2022","15-16","229,58","33,74"
"21/01/2022","16-17","234,39","33,74"
"21/01/2022","17-18","260,97","33,74"
"21/01/2022","18-19","357,05","100,76"
"21/01/2022","19-20","367,78","100,76"
"21/01/2022","20-21","367,68","100,76"
"21/01/2022","21-22","362,30","100,76"
"21/01/2022","22-23","284,51","33,74"
"21/01/2022","23-24","265,13","33,74"
"22/01/2022","00-01","250,79","4,35"
"22/01/2022","01-02","232,75","4,35"
"22/01/2022","02-03","225,44","4,35"
"22/01/2022","03-04","224,91","4,35"
"22/01/2022","04-05","225,77","4,35"
"22/01/2022","05-06","226,49","4,35"
"22/01/2022","06-07","226,48","4,35"
"22/01/2022","07-08","223,71","4,35"
"22/01/2022","08-09","218,94","4,35"
"22/01/2022","09-10","232,90","4,35"
"22/01/2022","10-11","237,72","4,35"
"22/01/2022","11-12","231,80","4,35"
"22/01/2022","12-13","232,61","4,35"
"22/01/2022","13-14","240,96","4,35"
"22/01/2022","14-15","240,02","4,35"
"22/01/2022","15-16","243,07","4,35"
"22/01/2022","16-17","248,01","4,35"
"22/01/2022","17-18","262,64","4,35"
"22/01/2022","18-19","291,05","4,35"
"22/01/2022","19-20","312,41","4,35"
"22/01/2022","20-21","290,17","4,35"
"22/01/2022","21-22","271,51","4,35"
"22/01/2022","22-23","260,42","4,35"
"22/01/2022","23-24","254,37","4,35"
"23/01/2022","00-01","257,17","4,35"
"23/01/2022","01-02","250,48","4,35"
"23/01/2022","02-03","249,52","4,35"
"23/01/2022","03-04","241,23","4,35"
"23/01/2022","04-05","241,41","4,35"
"23/01/2022","05-06","241,95","4,35"
"23/01/2022","06-07","240,03","4,35"
"23/01/2022","07-08","249,73","4,35"
"23/01/2022","08-09","248,50","4,35"
"23/01/2022","09-10","251,20","4,35"
"23/01/2022","10-11","248,09","4,35"
"23/01/2022","11-12","247,91","4,35"
"23/01/2022","12-13","247,79","4,35"
"23/01/2022","13-14","236,08","4,35"
"23/01/2022","14-15","234,32","4,35"
"23/01/2022","15-16","242,62","4,35"
"23/01/2022","16-17","249,99","4,35"
"23/01/2022","17-18","276,59","4,35"
"23/01/2022","18-19","306,34","4,35"
"23/01/2022","19-20","312,17","4,35"
"23/01/2022","20-21","317,45","4,35"
"23/01/2022","21-22","315,09","4,35"
"23/01/2022","22-23","285,17","4,35"
"23/01/2022","23-24","262,72","4,35"
"24/01/2022","00-01","249,33","4,35"
"24/01/2022","01-02","239,32","4,35"
"24/01/2022","02-03","239,36","4,35"
"24/01/2022","03-04","238,31","4,35"
"24/01/2022","04-05","238,13","4,35"
"24/01/2022","05-06","251,93","4,35"
"24/01/2022","06-07","287,75","4,35"
"24/01/2022","07-08","297,00","4,35"
"24/01/2022","08-09","330,04","33,74"
"24/01/2022","09-10","329,60","33,74"
"24/01/2022","10-11","392,52","100,76"
"24/01/2022","11-12","386,12","100,76"
"24/01/2022","12-13","382,44","100,76"
"24/01/2022","13-14","381,98","100,76"
"24/01/2022","14-15","311,45","33,74"
"24/01/2022","15-16","313,70","33,74"
"24/01/2022","16-17","315,98","33,74"
"24/01/2022","17-18","326,48","33,74"
"24/01/2022","18-19","427,61","100,76"
"24/01/2022","19-20","467,41","100,76"
"24/01/2022","20-21","441,56","100,76"
"24/01/2022","21-22","412,17","100,76"
"24/01/2022","22-23","325,75","33,74"
"24/01/2022","23-24","302,83","33,74"
"25/01/2022","00-01","282,25","4,35"
"25/01/2022","01-02","275,10","4,35"
"25/01/2022","02-03","264,92","4,35"
"25/01/2022","03-04","256,25","4,35"
"25/01/2022","04-05","259,69","4,35"
"25/01/2022","05-06","278,47","4,35"
"25/01/2022","06-07","285,65","4,35"
"25/01/2022","07-08","284,85","4,35"
"25/01/2022","08-09","321,06","33,74"
"25/01/2022","09-10","318,77","33,74"
"25/01/2022","10-11","377,42","100,76"
"25/01/2022","11-12","371,59","100,76"
"25/01/2022","12-13","367,41","100,76"
"25/01/2022","13-14","363,67","100,76"
"25/01/2022","14-15","294,81","33,74"
"25/01/2022","15-16","300,04","33,74"
"25/01/2022","16-17","308,60","33,74"
"25/01/2022","17-18","315,64","33,74"
"25/01/2022","18-19","396,13","100,76"
"25/01/2022","19-20","408,50","100,76"
"25/01/2022","20-21","418,71","100,76"
"25/01/2022","21-22","402,00","100,76"
"25/01/2022","22-23","319,16","33,74"
"25/01/2022","23-24","301,86","33,74"
"26/01/2022","00-01","312,52","4,35"
"26/01/2022","01-02","302,14","4,35"
"26/01/2022","02-03","299,76","4,35"
"26/01/2022","03-04","295,52","4,35"
"26/01/2022","04-05","292,19","4,35"
"26/01/2022","05-06","300,70","4,35"
"26/01/2022","06-07","295,78","4,35"
"26/01/2022","07-08","297,92","4,35"
"26/01/2022","08-09","329,43","33,74"
"26/01/2022","09-10","328,73","33,74"
"26/01/2022","10-11","391,85","100,76"
"26/01/2022","11-12","389,78","100,76"
"26/01/2022","12-13","386,45","100,76"
"26/01/2022","13-14","384,91","100,76"
"26/01/2022","14-15","311,40","33,74"
"26/01/2022","15-16","311,96","33,74"
"26/01/2022","16-17","318,95","33,74"
"26/01/2022","17-18","323,81","33,74"
"26/01/2022","18-19","401,80","100,76"
"26/01/2022","19-20","406,79","100,76"
"26/01/2022","20-21","409,00","100,76"
"26/01/2022","21-22","402,78","100,76"
"26/01/2022","22-23","324,65","33,74"
"26/01/2022","23-24","314,89","33,74"
"27/01/2022","00-01","304,14","4,35"
"27/01/2022","01-02","296,80","4,35"
"27/01/2022","02-03","297,33","4,35"
"27/01/2022","03-04","288,96","4,35"
"27/01/2022","04-05","286,26","4,35"
"27/01/2022","05-06","285,57","4,35"
"27/01/2022","06-07","285,07","4,35"
"27/01/2022","07-08","296,33","4,35"
"27/01/2022","08-09","336,13","33,74"
"27/01/2022","09-10","335,59","33,74"
"27/01/2022","10-11","390,56","100,76"
"27/01/2022","11-12","380,99","100,76"
"27/01/2022","12-13","381,72","100,76"
"27/01/2022","13-14","382,65","100,76"
"27/01/2022","14-15","308,39","33,74"
"27/01/2022","15-16","307,50","33,74"
"27/01/2022","16-17","314,14","33,74"
"27/01/2022","17-18","324,13","33,74"
"27/01/2022","18-19","402,60","100,76"
"27/01/2022","19-20","408,73","100,76"
"27/01/2022","20-21","408,35","100,76"
"27/01/2022","21-22","396,25","100,76"
"27/01/2022","22-23","301,31","33,74"
"27/01/2022","23-24","311,08","33,74"
"28/01/2022","00-01","296,54","4,35"
"28/01/2022","01-02","284,79","4,35"
"28/01/2022","02-03","272,60","4,35"
"28/01/2022","03-04","261,30","4,35"
"28/01/2022","04-05","249,81","4,35"
"28/01/2022","05-06","265,98","4,35"
"28/01/2022","06-07","284,92","4,35"
"28/01/2022","07-08","302,66","4,35"
"28/01/2022","08-09","338,03","33,74"
"28/01/2022","09-10","331,89","33,74"
"28/01/2022","10-11","381,40","100,76"
"28/01/2022","11-12","371,02","100,76"
"28/01/2022","12-13","366,52","100,76"
"28/01/2022","13-14","360,30","100,76"
"28/01/2022","14-15","269,76","33,74"
"28/01/2022","15-16","282,44","33,74"
"28/01/2022","16-17","297,23","33,74"
"28/01/2022","17-18","325,17","33,74"
"28/01/2022","18-19","409,48","100,76"
"28/01/2022","19-20","417,29","100,76"
"28/01/2022","20-21","410,91","100,76"
"28/01/2022","21-22","398,32","100,76"
"28/01/2022","22-23","317,93","33,74"
"28/01/2022","23-24","305,71","33,74"
"29/01/2022","00-01","294,96","4,35"
"29/01/2022","01-02","284,75","4,35"
"29/01/2022","02-03","265,76","4,35"
"29/01/2022","03-04","274,17","4,35"
"29/01/2022","04-05","271,47","4,35"
"29/01/2022","05-06","264,71","4,35"
"29/01/2022","06-07","276,13","4,35"
"29/01/2022","07-08","293,85","4,35"
"29/01/2022","08-09","307,43","4,35"
"29/01/2022","09-10","299,95","4,35"
"29/01/2022","10-11","296,65","4,35"
"29/01/2022","11-12","278,01","4,35"
"29/01/2022","12-13","274,02","4,35"
"29/01/2022","13-14","267,76","4,35"
"29/01/2022","14-15","262,15","4,35"
"29/01/2022","15-16","232,93","4,35"
"29/01/2022","16-17","236,31","4,35"
"29/01/2022","17-18","284,67","4,35"
"29/01/2022","18-19","314,93","4,35"
"29/01/2022","19-20","334,11","4,35"
"29/01/2022","20-21","330,18","4,35"
"29/01/2022","21-22","330,98","4,35"
"29/01/2022","22-23","320,09","4,35"
"29/01/2022","23-24","314,67","4,35"
"30/01/2022","00-01","304,97","4,35"
"30/01/2022","01-02","291,38","4,35"
"30/01/2022","02-03","288,54","4,35"
"30/01/2022","03-04","280,40","4,35"
"30/01/2022","04-05","280,15","4,35"
"30/01/2022","05-06","286,32","4,35"
"30/01/2022","06-07","287,69","4,35"
"30/01/2022","07-08","295,99","4,35"
"30/01/2022","08-09","288,33","4,35"
"30/01/2022","09-10","295,76","4,35"
"30/01/2022","10-11","285,69","4,35"
"30/01/2022","11-12","292,22","4,35"
"30/01/2022","12-13","297,32","4,35"
"30/01/2022","13-14","281,04","4,35"
"30/01/2022","14-15","272,23","4,35"
"30/01/2022","15-16","268,21","4,35"
"30/01/2022","16-17","284,73","4,35"
"30/01/2022","17-18","295,63","4,35"
"30/01/2022","18-19","333,08","4,35"
"30/01/2022","19-20","335,26","4,35"
"30/01/2022","20-21","341,68","4,35"
"30/01/2022","21-22","338,23","4,35"
"30/01/2022","22-23","327,69","4,35"
"30/01/2022","23-24","320,60","4,35"
"31/01/2022","00-01","314,53","4,35"
"31/01/2022","01-02","294,05","4,35"
"31/01/2022","02-03","261,57","4,35"
"31/01/2022","03-04","246,41","4,35"
"31/01/2022","04-05","231,94","4,35"
"31/01/2022","05-06","230,97","4,35"
"31/01/2022","06-07","254,82","4,35"
"31/01/2022","07-08","302,50","4,35"
"31/01/2022","08-09","340,36","33,74"
"31/01/2022","09-10","340,34","33,74"
"31/01/2022","10-11","403,58","100,76"
"31/01/2022","11-12","397,53","100,76"
"31/01/2022","12-13","391,02","100,76"
"31/01/2022","13-14","372,61","100,76"
"31/01/2022","14-15","286,57","33,74"
"31/01/2022","15-16","271,97","33,74"
"31/01/2022","16-17","275,01","33,74"
"31/01/2022","17-18","328,62","33,74"
"31/01/2022","18-19","414,35","100,76"
"31/01/2022","19-20","421,93","100,76"
"31/01/2022","20-21","414,11","100,76"
"31/01/2022","21-22","400,92","100,76"
"31/01/2022","22-23","307,80","33,74"
"31/01/2022","23-24","289,90","33,74"
"01/02/2022","00-01","269,75","4,35"
"01/02/2022","01-02","254,72","4,35"
"01/02/2022","02-03","256,65","4,35"
"01/02/2022","03-04","250,77","4,35"
"01/02/2022","04-05","231,66","4,35"
"01/02/2022","05-06","244,66","4,35"
"01/02/2022","06-07","253,19","4,35"
"01/02/2022","07-08","288,09","4,35"
"01/02/2022","08-09","339,60","33,74"
"01/02/2022","09-10","319,94","33,74"
"01/02/2022","10-11","346,46","100,76"
"01/02/2022","11-12","340,41","100,76"
"01/02/2022","12-13","340,71","100,76"
"01/02/2022","13-14","338,41","100,76"
"01/02/2022","14-15","269,80","33,74"
"01/02/2022","15-16","247,66","33,74"
"01/02/2022","16-17","273,02","33,74"
"01/02/2022","17-18","302,83","33,74"
"01/02/2022","18-19","409,55","100,76"
"01/02/2022","19-20","414,82","100,76"
"01/02/2022","20-21","411,13","100,76"
"01/02/2022","21-22","381,10","100,76"
"01/02/2022","22-23","285,40","33,74"
"01/02/2022","23-24","282,16","33,74"
"02/02/2022","00-01","237,57","4,35"
"02/02/2022","01-02","233,60","4,35"
"02/02/2022","02-03","224,99","4,35"
"02/02/2022","03-04","223,38","4,35"
"02/02/2022","04-05","225,26","4,35"
"02/02/2022","05-06","233,37","4,35"
"02/02/2022","06-07","236,94","4,35"
"02/02/2022","07-08","278,96","4,35"
"02/02/2022","08-09","306,59","33,74"
"02/02/2022","09-10","308,96","33,74"
"02/02/2022","10-11","355,55","100,76"
"02/02/2022","11-12","339,26","100,76"
"02/02/2022","12-13","342,91","100,76"
"02/02/2022","13-14","340,58","100,76"
"02/02/2022","14-15","269,23","33,74"
"02/02/2022","15-16","269,03","33,74"
"02/02/2022","16-17","281,29","33,74"
"02/02/2022","17-18","325,66","33,74"
"02/02/2022","18-19","433,01","100,76"
"02/02/2022","19-20","431,42","100,76"
"02/02/2022","20-21","432,36","100,76"
"02/02/2022","21-22","430,70","100,76"
"02/02/2022","22-23","323,07","33,74"
"02/02/2022","23-24","295,09","33,74"
"03/02/2022","00-01","275,23","4,35"
"03/02/2022","01-02","246,22","4,35"
"03/02/2022","02-03","239,80","4,35"
"03/02/2022","03-04","235,37","4,35"
"03/02/2022","04-05","228,84","4,35"
"03/02/2022","05-06","237,42","4,35"
"03/02/2022","06-07","248,14","4,35"
"03/02/2022","07-08","290,88","4,35"
"03/02/2022","08-09","331,22","33,74"
"03/02/2022","09-10","314,08","33,74"
"03/02/2022","10-11","360,62","100,76"
"03/02/2022","11-12","355,72","100,76"
"03/02/2022","12-13","344,73","100,76"
"03/02/2022","13-14","335,92","100,76"
"03/02/2022","14-15","262,86","33,74"
"03/02/2022","15-16","264,07","33,74"
"03/02/2022","16-17","278,17","33,74"
"03/02/2022","17-18","308,59","33,74"
"03/02/2022","18-19","397,46","100,76"
"03/02/2022","19-20","403,97","100,76"
"03/02/2022","20-21","395,70","100,76"
"03/02/2022","21-22","378,43","100,76"
"03/02/2022","22-23","281,10","33,74"
"03/02/2022","23-24","271,05","33,74"
"04/02/2022","00-01","252,39","4,35"
"04/02/2022","01-02","236,60","4,35"
"04/02/2022","02-03","236,55","4,35"
"04/02/2022","03-04","222,44","4,35"
"04/02/2022","04-05","221,69","4,35"
"04/02/2022","05-06","221,06","4,35"
"04/02/2022","06-07","233,22","4,35"
"04/02/2022","07-08","274,65","4,35"
"04/02/2022","08-09","311,12","33,74"
"04/02/2022","09-10","311,28","33,74"
"04/02/2022","10-11","370,70","100,76"
"04/02/2022","11-12","345,70","100,76"
"04/02/2022","12-13","334,52","100,76"
"04/02/2022","13-14","321,52","100,76"
"04/02/2022","14-15","251,48","33,74"
"04/02/2022","15-16","245,80","33,74"
"04/02/2022","16-17","253,32","33,74"
"04/02/2022","17-18","274,52","33,74"
"04/02/2022","18-19","375,28","100,76"
"04/02/2022","19-20","391,25","100,76"
"04/02/2022","20-21","383,67","100,76"
"04/02/2022","21-22","379,10","100,76"
"04/02/2022","22-23","282,67","33,74"
"04/02/2022","23-24","263,27","33,74"
"05/02/2022","00-01","279,07","4,35"
"05/02/2022","01-02","280,66","4,35"
"05/02/2022","02-03","253,17","4,35"
"05/02/2022","03-04","253,94","4,35"
"05/02/2022","04-05","245,55","4,35"
"05/02/2022","05-06","244,77","4,35"
"05/02/2022","06-07","253,28","4,35"
"05/02/2022","07-08","252,74","4,35"
"05/02/2022","08-09","276,09","4,35"
"05/02/2022","09-10","265,53","4,35"
"05/02/2022","10-11","270,48","4,35"
"05/02/2022","11-12","239,23","4,35"
"05/02/2022","12-13","240,49","4,35"
"05/02/2022","13-14","238,54","4,35"
"05/02/2022","14-15","222,22","4,35"
"05/02/2022","15-16","219,17","4,35"
"05/02/2022","16-17","226,27","4,35"
"05/02/2022","17-18","231,90","4,35"
"05/02/2022","18-19","285,79","4,35"
"05/02/2022","19-20","288,50","4,35"
"05/02/2022","20-21","285,67","4,35"
"05/02/2022","21-22","283,06","4,35"
"05/02/2022","22-23","266,84","4,35"
"05/02/2022","23-24","245,16","4,35"
"06/02/2022","00-01","247,75","4,35"
"06/02/2022","01-02","239,11","4,35"
"06/02/2022","02-03","239,46","4,35"
"06/02/2022","03-04","240,15","4,35"
"06/02/2022","04-05","238,36","4,35"
"06/02/2022","05-06","244,13","4,35"
"06/02/2022","06-07","243,88","4,35"
"06/02/2022","07-08","241,68","4,35"
"06/02/2022","08-09","238,32","4,35"
"06/02/2022","09-10","231,54","4,35"
"06/02/2022","10-11","227,87","4,35"
"06/02/2022","11-12","227,63","4,35"
"06/02/2022","12-13","231,43","4,35"
"06/02/2022","13-14","229,72","4,35"
"06/02/2022","14-15","229,96","4,35"
"06/02/2022","15-16","224,75","4,35"
"06/02/2022","16-17","228,95","4,35"
"06/02/2022","17-18","237,55","4,35"
"06/02/2022","18-19","290,83","4,35"
"06/02/2022","19-20","305,14","4,35"
"06/02/2022","20-21","311,57","4,35"
"06/02/2022","21-22","297,53","4,35"
"06/02/2022","22-23","286,36","4,35"
"06/02/2022","23-24","246,01","4,35"
"07/02/2022","00-01","246,43","4,35"
"07/02/2022","01-02","237,53","4,35"
"07/02/2022","02-03","236,08","4,35"
"07/02/2022","03-04","236,29","4,35"
"07/02/2022","04-05","225,29","4,35"
"07/02/2022","05-06","239,67","4,35"
"07/02/2022","06-07","266,18","4,35"
"07/02/2022","07-08","300,52","4,35"
"07/02/2022","08-09","341,75","33,74"
"07/02/2022","09-10","334,51","33,74"
"07/02/2022","10-11","386,31","100,76"
"07/02/2022","11-12","363,56","100,76"
"07/02/2022","12-13","350,08","100,76"
"07/02/2022","13-14","347,57","100,76"
"07/02/2022","14-15","266,18","33,74"
"07/02/2022","15-16","262,58","33,74"
"07/02/2022","16-17","268,89","33,74"
"07/02/2022","17-18","288,47","33,74"
"07/02/2022","18-19","396,16","100,76"
"07/02/2022","19-20","398,94","100,76"
"07/02/2022","20-21","393,71","100,76"
"07/02/2022","21-22","384,23","100,76"
"07/02/2022","22-23","277,52","33,74"
"07/02/2022","23-24","267,46","33,74"
"08/02/2022","00-01","237,25","4,35"
"08/02/2022","01-02","235,56","4,35"
"08/02/2022","02-03","231,53","4,35"
"08/02/2022","03-04","227,97","4,35"
"08/02/2022","04-05","238,58","4,35"
"08/02/2022","05-06","242,66","4,35"
"08/02/2022","06-07","247,82","4,35"
"08/02/2022","07-08","302,38","4,35"
"08/02/2022","08-09","339,18","33,74"
"08/02/2022","09-10","319,69","33,74"
"08/02/2022","10-11","362,25","100,76"
"08/02/2022","11-12","336,31","100,76"
"08/02/2022","12-13","332,08","100,76"
"08/02/2022","13-14","327,30","100,76"
"08/02/2022","14-15","253,59","33,74"
"08/02/2022","15-16","253,55","33,74"
"08/02/2022","16-17","261,75","33,74"
"08/02/2022","17-18","295,07","33,74"
"08/02/2022","18-19","402,59","100,76"
"08/02/2022","19-20","410,03","100,76"
"08/02/2022","20-21","396,55","100,76"
"08/02/2022","21-22","390,91","100,76"
"08/02/2022","22-23","290,46","33,74"
"08/02/2022","23-24","278,08","33,74"
"09/02/2022","00-01","250,09","4,35"
"09/02/2022","01-02","244,14","4,35"
"09/02/2022","02-03","244,04","4,35"
"09/02/2022","03-04","242,98","4,35"
"09/02/2022","04-05","241,75","4,35"
"09/02/2022","05-06","240,89","4,35"
"09/02/2022","06-07","258,56","4,35"
"09/02/2022","07-08","298,31","4,35"
"09/02/2022","08-09","336,22","33,74"
"09/02/2022","09-10","321,14","33,74"
"09/02/2022","10-11","371,42","100,76"
"09/02/2022","11-12","350,73","100,76"
"09/02/2022","12-13","338,92","100,76"
"09/02/2022","13-14","332,78","100,76"
"09/02/2022","14-15","257,40","33,74"
"09/02/2022","15-16","263,67","33,74"
"09/02/2022","16-17","267,25","33,74"
"09/02/2022","17-18","302,46","33,74"
"09/02/2022","18-19","410,90","100,76"
"09/02/2022","19-20","418,43","100,76"
"09/02/2022","20-21","401,95","100,76"
"09/02/2022","21-22","397,76","100,76"
"09/02/2022","22-23","311,32","33,74"
"09/02/2022","23-24","286,10","33,74"
"10/02/2022","00-01","263,85","4,35"
"10/02/2022","01-02","250,57","4,35"
"10/02/2022","02-03","243,75","4,35"
"10/02/2022","03-04","228,72","4,35"
"10/02/2022","04-05","231,66","4,35"
"10/02/2022","05-06","229,77","4,35"
"10/02/2022","06-07","260,54","4,35"
"10/02/2022","07-08","291,29","4,35"
"10/02/2022","08-09","324,41","33,74"
"10/02/2022","09-10","312,13","33,74"
"10/02/2022","10-11","364,00","100,76"
"10/02/2022","11-12","352,56","100,76"
"10/02/2022","12-13","337,94","100,76"
"10/02/2022","13-14","321,33","100,76"
"10/02/2022","14-15","248,38","33,74"
"10/02/2022","15-16","257,97","33,74"
"10/02/2022","16-17","273,67","33,74"
"10/02/2022","17-18","297,71","33,74"
"10/02/2022","18-19","397,61","100,76"
"10/02/2022","19-20","406,74","100,76"
"10/02/2022","20-21","389,63","100,76"
"10/02/2022","21-22","379,85","100,76"
"10/02/2022","22-23","287,02","33,74"
"10/02/2022","23-24","272,43","33,74"
"11/02/2022","00-01","254,30","4,35"
"11/02/2022","01-02","233,71","4,35"
"11/02/2022","02-03","232,08","4,35"
"11/02/2022","03-04","222,96","4,35"
"11/02/2022","04-05","219,90","4,35"
"11/02/2022","05-06","225,95","4,35"
"11/02/2022","06-07","253,47","4,35"
"11/02/2022","07-08","277,19","4,35"
"11/02/2022","08-09","313,26","33,74"
"11/02/2022","09-10","306,51","33,74"
"11/02/2022","10-11","355,16","100,76"
"11/02/2022","11-12","335,57","100,76"
"11/02/2022","12-13","316,73","100,76"
"11/02/2022","13-14","315,76","100,76"
"11/02/2022","14-15","245,77","33,74"
"11/02/2022","15-16","244,02","33,74"
"11/02/2022","16-17","250,93","33,74"
"11/02/2022","17-18","287,92","33,74"
"11/02/2022","18-19","384,75","100,76"
"11/02/2022","19-20","400,75","100,76"
"11/02/2022","20-21","375,36","100,76"
"11/02/2022","21-22","368,80","100,76"
"11/02/2022","22-23","282,80","33,74"
"11/02/2022","23-24","274,21","33,74"
"12/02/2022","00-01","271,25","4,35"
"12/02/2022","01-02","273,69","4,35"
"12/02/2022","02-03","270,40","4,35"
"12/02/2022","03-04","268,52","4,35"
"12/02/2022","04-05","265,00","4,35"
"12/02/2022","05-06","256,14","4,35"
"12/02/2022","06-07","260,54","4,35"
"12/02/2022","07-08","268,56","4,35"
"12/02/2022","08-09","270,24","4,35"
"12/02/2022","09-10","265,81","4,35"
"12/02/2022","10-11","253,59","4,35"
"12/02/2022","11-12","231,33","4,35"
"12/02/2022","12-13","226,58","4,35"
"12/02/2022","13-14","215,34","4,35"
"12/02/2022","14-15","212,51","4,35"
"12/02/2022","15-16","212,31","4,35"
"12/02/2022","16-17","220,33","4,35"
"12/02/2022","17-18","249,78","4,35"
"12/02/2022","18-19","271,88","4,35"
"12/02/2022","19-20","292,88","4,35"
"12/02/2022","20-21","277,82","4,35"
"12/02/2022","21-22","271,58","4,35"
"12/02/2022","22-23","258,46","4,35"
"12/02/2022","23-24","245,87","4,35"
"13/02/2022","00-01","278,30","4,35"
"13/02/2022","01-02","277,96","4,35"
"13/02/2022","02-03","277,14","4,35"
"13/02/2022","03-04","251,82","4,35"
"13/02/2022","04-05","232,38","4,35"
"13/02/2022","05-06","232,54","4,35"
"13/02/2022","06-07","232,54","4,35"
"13/02/2022","07-08","253,18","4,35"
"13/02/2022","08-09","226,72","4,35"
"13/02/2022","09-10","220,50","4,35"
"13/02/2022","10-11","209,46","4,35"
"13/02/2022","11-12","192,64","4,35"
"13/02/2022","12-13","193,32","4,35"
"13/02/2022","13-14","157,18","4,35"
"13/02/2022","14-15","99,30","4,35"
"13/02/2022","15-16","126,88","4,35"
"13/02/2022","16-17","146,38","4,35"
"13/02/2022","17-18","170,70","4,35"
"13/02/2022","18-19","218,18","4,35"
"13/02/2022","19-20","235,10","4,35"
"13/02/2022","20-21","259,89","4,35"
"13/02/2022","21-22","259,75","4,35"
"13/02/2022","22-23","219,70","4,35"
"13/02/2022","23-24","219,59","4,35"
"14/02/2022","00-01","207,71","4,35"
"14/02/2022","01-02","207,03","4,35"
"14/02/2022","02-03","200,28","4,35"
"14/02/2022","03-04","160,61","4,35"
"14/02/2022","04-05","157,67","4,35"
"14/02/2022","05-06","207,59","4,35"
"14/02/2022","06-07","227,46","4,35"
"14/02/2022","07-08","275,68","4,35"
"14/02/2022","08-09","307,03","33,74"
"14/02/2022","09-10","312,08","33,74"
"14/02/2022","10-11","368,87","100,76"
"14/02/2022","11-12","347,99","100,76"
"14/02/2022","12-13","314,15","100,76"
"14/02/2022","13-14","305,37","100,76"
"14/02/2022","14-15","231,99","33,74"
"14/02/2022","15-16","228,46","33,74"
"14/02/2022","16-17","238,75","33,74"
"14/02/2022","17-18","275,46","33,74"
"14/02/2022","18-19","379,79","100,76"
"14/02/2022","19-20","409,20","100,76"
"14/02/2022","20-21","383,80","100,76"
"14/02/2022","21-22","376,59","100,76"
"14/02/2022","22-23","289,33","33,74"
"14/02/2022","23-24","272,85","33,74"
"15/02/2022","00-01","256,73","4,35"
"15/02/2022","01-02","249,54","4,35"
"15/02/2022","02-03","241,13","4,35"
"15/02/2022","03-04","234,96","4,35"
"15/02/2022","04-05","225,46","4,35"
"15/02/2022","05-06","230,16","4,35"
"15/02/2022","06-07","265,73","4,35"
"15/02/2022","07-08","295,43","4,35"
"15/02/2022","08-09","340,23","33,74"
"15/02/2022","09-10","327,37","33,74"
"15/02/2022","10-11","373,15","100,76"
"15/02/2022","11-12","351,58","100,76"
"15/02/2022","12-13","329,76","100,76"
"15/02/2022","13-14","304,53","100,76"
"15/02/2022","14-15","234,48","33,74"
"15/02/2022","15-16","235,10","33,74"
"15/02/2022","16-17","240,10","33,74"
"15/02/2022","17-18","268,47","33,74"
"15/02/2022","18-19","383,46","100,76"
"15/02/2022","19-20","396,37","100,76"
"15/02/2022","20-21","406,28","100,76"
"15/02/2022","21-22","394,78","100,76"
"15/02/2022","22-23","305,85","33,74"
"15/02/2022","23-24","248,64","33,74"
"16/02/2022","00-01","222,53","4,35"
"16/02/2022","01-02","215,83","4,35"
"16/02/2022","02-03","213,42","4,35"
"16/02/2022","03-04","205,82","4,35"
"16/02/2022","04-05","203,20","4,35"
"16/02/2022","05-06","206,45","4,35"
"16/02/2022","06-07","216,02","4,35"
"16/02/2022","07-08","269,29","4,35"
"16/02/2022","08-09","301,04","33,74"
"16/02/2022","09-10","296,66","33,74"
"16/02/2022","10-11","317,73","100,76"
"16/02/2022","11-12","303,91","100,76"
"16/02/2022","12-13","308,10","100,76"
"16/02/2022","13-14","296,27","100,76"
"16/02/2022","14-15","212,47","33,74"
"16/02/2022","15-16","207,07","33,74"
"16/02/2022","16-17","206,98","33,74"
"16/02/2022","17-18","235,94","33,74"
"16/02/2022","18-19","365,49","100,76"
"16/02/2022","19-20","379,84","100,76"
"16/02/2022","20-21","392,08","100,76"
"16/02/2022","21-22","380,25","100,76"
"16/02/2022","22-23","288,25","33,74"
"16/02/2022","23-24","247,15","33,74"
"17/02/2022","00-01","176,52","4,35"
"17/02/2022","01-02","175,76","4,35"
"17/02/2022","02-03","149,07","4,35"
"17/02/2022","03-04","143,60","4,35"
"17/02/2022","04-05","143,59","4,35"
"17/02/2022","05-06","157,44","4,35"
"17/02/2022","06-07","186,52","4,35"
"17/02/2022","07-08","216,48","4,35"
"17/02/2022","08-09","272,64","33,74"
"17/02/2022","09-10","267,61","33,74"
"17/02/2022","10-11","309,20","100,76"
"17/02/2022","11-12","291,48","100,76"
"17/02/2022","12-13","280,91","100,76"
"17/02/2022","13-14","266,30","100,76"
"17/02/2022","14-15","202,79","33,74"
"17/02/2022","15-16","195,34","33,74"
"17/02/2022","16-17","225,97","33,74"
"17/02/2022","17-18","232,67","33,74"
"17/02/2022","18-19","363,97","100,76"
"17/02/2022","19-20","395,89","100,76"
"17/02/2022","20-21","429,83","100,76"
"17/02/2022","21-22","393,45","100,76"
"17/02/2022","22-23","287,57","33,74"
"17/02/2022","23-24","274,28","33,74"
"18/02/2022","00-01","262,69","4,35"
"18/02/2022","01-02","258,79","4,35"
"18/02/2022","02-03","250,00","4,35"
"18/02/2022","03-04","238,29","4,35"
"18/02/2022","04-05","230,58","4,35"
"18/02/2022","05-06","229,52","4,35"
"18/02/2022","06-07","255,90","4,35"
"18/02/2022","07-08","264,96","4,35"
"18/02/2022","08-09","295,13","33,74"
"18/02/2022","09-10","289,24","33,74"
"18/02/2022","10-11","351,95","100,76"
"18/02/2022","11-12","345,17","100,76"
"18/02/2022","12-13","332,55","100,76"
"18/02/2022","13-14","323,71","100,76"
"18/02/2022","14-15","230,18","33,74"
"18/02/2022","15-16","224,11","33,74"
"18/02/2022","16-17","226,20","33,74"
"18/02/2022","17-18","230,39","33,74"
"18/02/2022","18-19","341,71","100,76"
"18/02/2022","19-20","352,08","100,76"
"18/02/2022","20-21","341,37","100,76"
"18/02/2022","21-22","324,77","100,76"
"18/02/2022","22-23","224,85","33,74"
"18/02/2022","23-24","217,30","33,74"
"19/02/2022","00-01","177,03","4,35"
"19/02/2022","01-02","160,43","4,35"
"19/02/2022","02-03","146,89","4,35"
"19/02/2022","03-04","123,65","4,35"
"19/02/2022","04-05","130,70","4,35"
"19/02/2022","05-06","147,22","4,35"
"19/02/2022","06-07","163,47","4,35"
"19/02/2022","07-08","187,85","4,35"
"19/02/2022","08-09","187,94","4,35"
"19/02/2022","09-10","217,69","4,35"
"19/02/2022","10-11","181,46","4,35"
"19/02/2022","11-12","171,88","4,35"
"19/02/2022","12-13","160,51","4,35"
"19/02/2022","13-14","160,03","4,35"
"19/02/2022","14-15","160,79","4,35"
"19/02/2022","15-16","149,21","4,35"
"19/02/2022","16-17","151,63","4,35"
"19/02/2022","17-18","174,57","4,35"
"19/02/2022","18-19","220,32","4,35"
"19/02/2022","19-20","251,20","4,35"
"19/02/2022","20-21","258,12","4,35"
"19/02/2022","21-22","258,75","4,35"
"19/02/2022","22-23","253,07","4,35"
"19/02/2022","23-24","245,13","4,35"
"20/02/2022","00-01","254,69","4,35"
"20/02/2022","01-02","235,04","4,35"
"20/02/2022","02-03","209,22","4,35"
"20/02/2022","03-04","200,68","4,35"
"20/02/2022","04-05","201,98","4,35"
"20/02/2022","05-06","207,58","4,35"
"20/02/2022","06-07","222,91","4,35"
"20/02/2022","07-08","234,01","4,35"
"20/02/2022","08-09","204,59","4,35"
"20/02/2022","09-10","190,18","4,35"
"20/02/2022","10-11","178,11","4,35"
"20/02/2022","11-12","171,30","4,35"
"20/02/2022","12-13","170,35","4,35"
"20/02/2022","13-14","171,29","4,35"
"20/02/2022","14-15","170,44","4,35"
"20/02/2022","15-16","167,84","4,35"
"20/02/2022","16-17","174,69","4,35"
"20/02/2022","17-18","185,01","4,35"
"20/02/2022","18-19","258,95","4,35"
"20/02/2022","19-20","277,43","4,35"
"20/02/2022","20-21","284,53","4,35"
"20/02/2022","21-22","281,95","4,35"
"20/02/2022","22-23","270,47","4,35"
"20/02/2022","23-24","260,45","4,35"
"21/02/2022","00-01","260,14","4,35"
"21/02/2022","01-02","225,73","4,35"
"21/02/2022","02-03","221,62","4,35"
"21/02/2022","03-04","208,26","4,35"
"21/02/2022","04-05","202,29","4,35"
"21/02/2022","05-06","217,09","4,35"
"21/02/2022","06-07","263,26","4,35"
"21/02/2022","07-08","280,67","4,35"
"21/02/2022","08-09","307,21","33,74"
"21/02/2022","09-10","300,42","33,74"
"21/02/2022","10-11","345,70","100,76"
"21/02/2022","11-12","313,86","100,76"
"21/02/2022","12-13","304,70","100,76"
"21/02/2022","13-14","287,73","100,76"
"21/02/2022","14-15","211,39","33,74"
"21/02/2022","15-16","194,00","33,74"
"21/02/2022","16-17","214,57","33,74"
"21/02/2022","17-18","239,29","33,74"
"21/02/2022","18-19","375,12","100,76"
"21/02/2022","19-20","383,26","100,76"
"21/02/2022","20-21","392,45","100,76"
"21/02/2022","21-22","381,32","100,76"
"21/02/2022","22-23","297,71","33,74"
"21/02/2022","23-24","266,39","33,74"
"22/02/2022","00-01","229,31","4,35"
"22/02/2022","01-02","224,71","4,35"
"22/02/2022","02-03","221,70","4,35"
"22/02/2022","03-04","220,06","4,35"
"22/02/2022","04-05","214,17","4,35"
"22/02/2022","05-06","221,24","4,35"
"22/02/2022","06-07","249,40","4,35"
"22/02/2022","07-08","257,81","4,35"
"22/02/2022","08-09","293,09","33,74"
"22/02/2022","09-10","279,64","33,74"
"22/02/2022","10-11","338,31","100,76"
"22/02/2022","11-12","318,47","100,76"
"22/02/2022","12-13","315,58","100,76"
"22/02/2022","13-14","301,63","100,76"
"22/02/2022","14-15","214,25","33,74"
"22/02/2022","15-16","209,37","33,74"
"22/02/2022","16-17","214,53","33,74"
"22/02/2022","17-18","235,20","33,74"
"22/02/2022","18-19","358,43","100,76"
"22/02/2022","19-20","368,09","100,76"
"22/02/2022","20-21","374,04","100,76"
"22/02/2022","21-22","362,45","100,76"
"22/02/2022","22-23","272,45","33,74"
"22/02/2022","23-24","250,81","33,74"
"23/02/2022","00-01","231,22","4,35"
"23/02/2022","01-02","228,12","4,35"
"23/02/2022","02-03","224,04","4,35"
"23/02/2022","03-04","220,35","4,35"
"23/02/2022","04-05","219,71","4,35"
"23/02/2022","05-06","226,81","4,35"
"23/02/2022","06-07","260,51","4,35"
"23/02/2022","07-08","267,43","4,35"
"23/02/2022","08-09","298,30","33,74"
"23/02/2022","09-10","295,96","33,74"
"23/02/2022","10-11","353,31","100,76"
"23/02/2022","11-12","341,18","100,76"
"23/02/2022","12-13","328,68","100,76"
"23/02/2022","13-14","320,77","100,76"
"23/02/2022","14-15","238,37","33,74"
"23/02/2022","15-16","242,21","33,74"
"23/02/2022","16-17","255,74","33,74"
"23/02/2022","17-18","286,72","33,74"
"23/02/2022","18-19","388,23","100,76"
"23/02/2022","19-20","394,01","100,76"
"23/02/2022","20-21","400,87","100,76"
"23/02/2022","21-22","376,88","100,76"
"23/02/2022","22-23","291,53","33,74"
"23/02/2022","23-24","287,17","33,74"
"24/02/2022","00-01","269,49","4,35"
"24/02/2022","01-02","270,56","4,35"
"24/02/2022","02-03","267,04","4,35"
"24/02/2022","03-04","264,72","4,35"
"24/02/2022","04-05","268,69","4,35"
"24/02/2022","05-06","267,08","4,35"
"24/02/2022","06-07","270,99","4,35"
"24/02/2022","07-08","273,78","4,35"
"24/02/2022","08-09","317,51","33,74"
"24/02/2022","09-10","300,16","33,74"
"24/02/2022","10-11","360,94","100,76"
"24/02/2022","11-12","358,93","100,76"
"24/02/2022","12-13","358,63","100,76"
"24/02/2022","13-14","354,61","100,76"
"24/02/2022","14-15","286,30","33,74"
"24/02/2022","15-16","270,49","33,74"
"24/02/2022","16-17","252,55","33,74"
"24/02/2022","17-18","266,93","33,74"
"24/02/2022","18-19","355,96","100,76"
"24/02/2022","19-20","373,22","100,76"
"24/02/2022","20-21","366,36","100,76"
"24/02/2022","21-22","360,03","100,76"
"24/02/2022","22-23","268,94","33,74"
"24/02/2022","23-24","235,73","33,74"
"25/02/2022","00-01","300,05","4,35"
"25/02/2022","01-02","263,35","4,35"
"25/02/2022","02-03","249,82","4,35"
"25/02/2022","03-04","226,42","4,35"
"25/02/2022","04-05","218,47","4,35"
"25/02/2022","05-06","237,67","4,35"
"25/02/2022","06-07","274,90","4,35"
"25/02/2022","07-08","338,49","4,35"
"25/02/2022","08-09","364,24","33,74"
"25/02/2022","09-10","363,80","33,74"
"25/02/2022","10-11","423,71","100,76"
"25/02/2022","11-12","403,90","100,76"
"25/02/2022","12-13","412,47","100,76"
"25/02/2022","13-14","397,71","100,76"
"25/02/2022","14-15","323,90","33,74"
"25/02/2022","15-16","318,89","33,74"
"25/02/2022","16-17","328,78","33,74"
"25/02/2022","17-18","353,91","33,74"
"25/02/2022","18-19","448,19","100,76"
"25/02/2022","19-20","473,25","100,76"
"25/02/2022","20-21","461,81","100,76"
"25/02/2022","21-22","445,28","100,76"
"25/02/2022","22-23","364,13","33,74"
"25/02/2022","23-24","360,61","33,74"
"26/02/2022","00-01","364,00","4,35"
"26/02/2022","01-02","346,09","4,35"
"26/02/2022","02-03","342,66","4,35"
"26/02/2022","03-04","328,89","4,35"
"26/02/2022","04-05","320,37","4,35"
"26/02/2022","05-06","319,23","4,35"
"26/02/2022","06-07","329,69","4,35"
"26/02/2022","07-08","343,14","4,35"
"26/02/2022","08-09","351,43","4,35"
"26/02/2022","09-10","336,24","4,35"
"26/02/2022","10-11","307,70","4,35"
"26/02/2022","11-12","304,99","4,35"
"26/02/2022","12-13","302,89","4,35"
"26/02/2022","13-14","298,75","4,35"
"26/02/2022","14-15","298,58","4,35"
"26/02/2022","15-16","300,62","4,35"
"26/02/2022","16-17","302,93","4,35"
"26/02/2022","17-18","327,86","4,35"
"26/02/2022","18-19","378,69","4,35"
"26/02/2022","19-20","379,04","4,35"
"26/02/2022","20-21","373,25","4,35"
"26/02/2022","21-22","376,17","4,35"
"26/02/2022","22-23","337,12","4,35"
"26/02/2022","23-24","331,71","4,35"
"27/02/2022","00-01","330,95","4,35"
"27/02/2022","01-02","328,27","4,35"
"27/02/2022","02-03","303,81","4,35"
"27/02/2022","03-04","301,10","4,35"
"27/02/2022","04-05","308,62","4,35"
"27/02/2022","05-06","315,91","4,35"
"27/02/2022","06-07","336,77","4,35"
"27/02/2022","07-08","336,92","4,35"
"27/02/2022","08-09","331,02","4,35"
"27/02/2022","09-10","327,29","4,35"
"27/02/2022","10-11","321,29","4,35"
"27/02/2022","11-12","314,02","4,35"
"27/02/2022","12-13","301,22","4,35"
"27/02/2022","13-14","314,44","4,35"
"27/02/2022","14-15","314,52","4,35"
"27/02/2022","15-16","271,99","4,35"
"27/02/2022","16-17","275,05","4,35"
"27/02/2022","17-18","302,26","4,35"
"27/02/2022","18-19","354,44","4,35"
"27/02/2022","19-20","379,62","4,35"
"27/02/2022","20-21","437,58","4,35"
"27/02/2022","21-22","437,11","4,35"
"27/02/2022","22-23","386,41","4,35"
"27/02/2022","23-24","352,61","4,35"
"28/02/2022","00-01","374,51","4,35"
"28/02/2022","01-02","370,20","4,35"
"28/02/2022","02-03","369,32","4,35"
"28/02/2022","03-04","370,91","4,35"
"28/02/2022","04-05","366,09","4,35"
"28/02/2022","05-06","367,94","4,35"
"28/02/2022","06-07","365,32","4,35"
"28/02/2022","07-08","401,68","4,35"
"28/02/2022","08-09","408,48","33,74"
"28/02/2022","09-10","380,56","33,74"
"28/02/2022","10-11","418,96","100,76"
"28/02/2022","11-12","374,67","100,76"
"28/02/2022","12-13","379,01","100,76"
"28/02/2022","13-14","375,95","100,76"
"28/02/2022","14-15","303,02","33,74"
"28/02/2022","15-16","303,42","33,74"
"28/02/2022","16-17","347,20","33,74"
"28/02/2022","17-18","379,33","33,74"
"28/02/2022","18-19","475,04","100,76"
"28/02/2022","19-20","496,98","100,76"
"28/02/2022","20-21","527,63","100,76"
"28/02/2022","21-22","501,97","100,76"
"28/02/2022","22-23","388,23","33,74"
"28/02/2022","23-24","377,11","33,74"
"01/03/2022","00-01","341,15","4,35"
"01/03/2022","01-02","332,83","4,35"
"01/03/2022","02-03","313,74","4,35"
"01/03/2022","03-04","294,06","4,35"
"01/03/2022","04-05","290,17","4,35"
"01/03/2022","05-06","298,85","4,35"
"01/03/2022","06-07","338,48","4,35"
"01/03/2022","07-08","369,83","4,35"
"01/03/2022","08-09","399,19","33,74"
"01/03/2022","09-10","386,21","33,74"
"01/03/2022","10-11","419,51","100,76"
"01/03/2022","11-12","377,43","100,76"
"01/03/2022","12-13","372,20","100,76"
"01/03/2022","13-14","366,81","100,76"
"01/03/2022","14-15","299,67","33,74"
"01/03/2022","15-16","299,92","33,74"
"01/03/2022","16-17","305,13","33,74"
"01/03/2022","17-18","348,68","33,74"
"01/03/2022","18-19","447,15","100,76"
"01/03/2022","19-20","484,59","100,76"
"01/03/2022","20-21","485,14","100,76"
"01/03/2022","21-22","460,54","100,76"
"01/03/2022","22-23","360,81","33,74"
"01/03/2022","23-24","355,89","33,74"
"02/03/2022","00-01","318,92","4,35"
"02/03/2022","01-02","318,92","4,35"
"02/03/2022","02-03","319,72","4,35"
"02/03/2022","03-04","305,83","4,35"
"02/03/2022","04-05","306,31","4,35"
"02/03/2022","05-06","321,20","4,35"
"02/03/2022","06-07","335,65","4,35"
"02/03/2022","07-08","364,60","4,35"
"02/03/2022","08-09","407,07","33,74"
"02/03/2022","09-10","384,59","33,74"
"02/03/2022","10-11","422,17","100,76"
"02/03/2022","11-12","407,71","100,76"
"02/03/2022","12-13","396,56","100,76"
"02/03/2022","13-14","372,27","100,76"
"02/03/2022","14-15","284,39","33,74"
"02/03/2022","15-16","281,27","33,74"
"02/03/2022","16-17","286,67","33,74"
"02/03/2022","17-18","309,61","33,74"
"02/03/2022","18-19","417,84","100,76"
"02/03/2022","19-20","447,34","100,76"
"02/03/2022","20-21","461,54","100,76"
"02/03/2022","21-22","442,56","100,76"
"02/03/2022","22-23","357,44","33,74"
"02/03/2022","23-24","343,18","33,74"
"03/03/2022","00-01","417,85","4,35"
"03/03/2022","01-02","413,35","4,35"
"03/03/2022","02-03","413,08","4,35"
"03/03/2022","03-04","404,39","4,35"
"03/03/2022","04-05","404,78","4,35"
"03/03/2022","05-06","427,28","4,35"
"03/03/2022","06-07","462,65","4,35"
"03/03/2022","07-08","487,09","4,35"
"03/03/2022","08-09","519,32","33,74"
"03/03/2022","09-10","468,74","33,74"
"03/03/2022","10-11","530,68","100,76"
"03/03/2022","11-12","529,18","100,76"
"03/03/2022","12-13","524,98","100,76"
"03/03/2022","13-14","518,35","100,76"
"03/03/2022","14-15","422,10","33,74"
"03/03/2022","15-16","418,59","33,74"
"03/03/2022","16-17","440,80","33,74"
"03/03/2022","17-18","452,78","33,74"
"03/03/2022","18-19","532,02","100,76"
"03/03/2022","19-20","540,17","100,76"
"03/03/2022","20-21","541,37","100,76"
"03/03/2022","21-22","530,51","100,76"
"03/03/2022","22-23","438,34","33,74"
"03/03/2022","23-24","361,08","33,74"
"04/03/2022","00-01","446,38","4,35"
"04/03/2022","01-02","360,02","4,35"
"04/03/2022","02-03","360,53","4,35"
"04/03/2022","03-04","358,10","4,35"
"04/03/2022","04-05","356,11","4,35"
"04/03/2022","05-06","357,67","4,35"
"04/03/2022","06-07","355,12","4,35"
"04/03/2022","07-08","463,77","4,35"
"04/03/2022","08-09","499,46","33,74"
"04/03/2022","09-10","484,33","33,74"
"04/03/2022","10-11","547,73","100,76"
"04/03/2022","11-12","501,02","100,76"
"04/03/2022","12-13","516,93","100,76"
"04/03/2022","13-14","478,42","100,76"
"04/03/2022","14-15","419,01","33,74"
"04/03/2022","15-16","439,82","33,74"
"04/03/2022","16-17","468,69","33,74"
"04/03/2022","17-18","500,96","33,74"
"04/03/2022","18-19","585,83","100,76"
"04/03/2022","19-20","606,36","100,76"
"04/03/2022","20-21","592,05","100,76"
"04/03/2022","21-22","582,01","100,76"
"04/03/2022","22-23","507,82","33,74"
"04/03/2022","23-24","494,44","33,74"
"05/03/2022","00-01","479,40","4,35"
"05/03/2022","01-02","469,51","4,35"
"05/03/2022","02-03","466,04","4,35"
"05/03/2022","03-04","445,71","4,35"
"05/03/2022","04-05","456,33","4,35"
"05/03/2022","05-06","464,85","4,35"
"05/03/2022","06-07","484,50","4,35"
"05/03/2022","07-08","487,84","4,35"
"05/03/2022","08-09","470,36","4,35"
"05/03/2022","09-10","455,32","4,35"
"05/03/2022","10-11","446,11","4,35"
"05/03/2022","11-12","442,95","4,35"
"05/03/2022","12-13","441,17","4,35"
"05/03/2022","13-14","447,50","4,35"
"05/03/2022","14-15","445,48","4,35"
"05/03/2022","15-16","387,95","4,35"
"05/03/2022","16-17","429,93","4,35"
"05/03/2022","17-18","479,88","4,35"
"05/03/2022","18-19","507,32","4,35"
"05/03/2022","19-20","510,99","4,35"
"05/03/2022","20-21","498,26","4,35"
"05/03/2022","21-22","487,49","4,35"
"05/03/2022","22-23","478,36","4,35"
"05/03/2022","23-24","458,84","4,35"
"06/03/2022","00-01","501,03","4,35"
"06/03/2022","01-02","469,12","4,35"
"06/03/2022","02-03","465,46","4,35"
"06/03/2022","03-04","455,81","4,35"
"06/03/2022","04-05","463,23","4,35"
"06/03/2022","05-06","466,94","4,35"
"06/03/2022","06-07","474,26","4,35"
"06/03/2022","07-08","494,02","4,35"
"06/03/2022","08-09","467,42","4,35"
"06/03/2022","09-10","496,40","4,35"
"06/03/2022","10-11","440,01","4,35"
"06/03/2022","11-12","433,84","4,35"
"06/03/2022","12-13","438,41","4,35"
"06/03/2022","13-14","423,03","4,35"
"06/03/2022","14-15","437,65","4,35"
"06/03/2022","15-16","429,55","4,35"
"06/03/2022","16-17","432,00","4,35"
"06/03/2022","17-18","486,08","4,35"
"06/03/2022","18-19","547,07","4,35"
"06/03/2022","19-20","568,18","4,35"
"06/03/2022","20-21","585,36","4,35"
"06/03/2022","21-22","585,85","4,35"
"06/03/2022","22-23","568,67","4,35"
"06/03/2022","23-24","565,10","4,35"
"07/03/2022","00-01","566,41","4,35"
"07/03/2022","01-02","553,54","4,35"
"07/03/2022","02-03","548,15","4,35"
"07/03/2022","03-04","531,62","4,35"
"07/03/2022","04-05","526,92","4,35"
"07/03/2022","05-06","552,50","4,35"
"07/03/2022","06-07","588,57","4,35"
"07/03/2022","07-08","616,65","4,35"
"07/03/2022","08-09","644,09","33,74"
"07/03/2022","09-10","612,20","33,74"
"07/03/2022","10-11","640,09","100,76"
"07/03/2022","11-12","638,74","100,76"
"07/03/2022","12-13","638,88","100,76"
"07/03/2022","13-14","634,58","100,76"
"07/03/2022","14-15","540,72","33,74"
"07/03/2022","15-16","492,99","33,74"
"07/03/2022","16-17","514,14","33,74"
"07/03/2022","17-18","577,71","33,74"
"07/03/2022","18-19","674,92","100,76"
"07/03/2022","19-20","710,78","100,76"
"07/03/2022","20-21","678,16","100,76"
"07/03/2022","21-22","649,17","100,76"
"07/03/2022","22-23","553,79","33,74"
"07/03/2022","23-24","503,56","33,74"
"08/03/2022","00-01","568,16","4,35"
"08/03/2022","01-02","576,32","4,35"
"08/03/2022","02-03","588,29","4,35"
"08/03/2022","03-04","561,63","4,35"
"08/03/2022","04-05","567,05","4,35"
"08/03/2022","05-06","579,88","4,35"
"08/03/2022","06-07","696,85","4,35"
"08/03/2022","07-08","744,25","4,35"
"08/03/2022","08-09","816,67","33,74"
"08/03/2022","09-10","755,51","33,74"
"08/03/2022","10-11","799,08","100,76"
"08/03/2022","11-12","755,51","100,76"
"08/03/2022","12-13","716,22","100,76"
"08/03/2022","13-14","650,36","100,76"
"08/03/2022","14-15","571,61","33,74"
"08/03/2022","15-16","573,91","33,74"
"08/03/2022","16-17","652,85","33,74"
"08/03/2022","17-18","768,36","33,74"
"08/03/2022","18-19","895,37","100,76"
"08/03/2022","19-20","954,01","100,76"
"08/03/2022","20-21","895,26","100,76"
"08/03/2022","21-22","891,42","100,76"
"08/03/2022","22-23","822,73","33,74"
"08/03/2022","23-24","766,61","33,74"
"09/03/2022","00-01","641,16","4,35"
"09/03/2022","01-02","577,89","4,35"
"09/03/2022","02-03","565,80","4,35"
"09/03/2022","03-04","555,37","4,35"
"09/03/2022","04-05","555,24","4,35"
"09/03/2022","05-06","567,05","4,35"
"09/03/2022","06-07","658,32","4,35"
"09/03/2022","07-08","714,12","4,35"
"09/03/2022","08-09","710,07","33,74"
"09/03/2022","09-10","636,58","33,74"
"09/03/2022","10-11","626,48","100,76"
"09/03/2022","11-12","576,56","100,76"
"09/03/2022","12-13","533,23","100,76"
"09/03/2022","13-14","528,84","100,76"
"09/03/2022","14-15","475,48","33,74"
"09/03/2022","15-16","508,58","33,74"
"09/03/2022","16-17","548,26","33,74"
"09/03/2022","17-18","660,09","33,74"
"09/03/2022","18-19","766,83","100,76"
"09/03/2022","19-20","827,93","100,76"
"09/03/2022","20-21","778,69","100,76"
"09/03/2022","21-22","769,34","100,76"
"09/03/2022","22-23","671,53","33,74"
"09/03/2022","23-24","618,99","33,74"
"10/03/2022","00-01","485,67","4,35"
"10/03/2022","01-02","423,92","4,35"
"10/03/2022","02-03","436,54","4,35"
"10/03/2022","03-04","436,62","4,35"
"10/03/2022","04-05","436,61","4,35"
"10/03/2022","05-06","443,96","4,35"
"10/03/2022","06-07","525,45","4,35"
"10/03/2022","07-08","539,99","4,35"
"10/03/2022","08-09","582,28","33,74"
"10/03/2022","09-10","539,46","33,74"
"10/03/2022","10-11","582,24","100,76"
"10/03/2022","11-12","530,54","100,76"
"10/03/2022","12-13","533,65","100,76"
"10/03/2022","13-14","514,98","100,76"
"10/03/2022","14-15","421,01","33,74"
"10/03/2022","15-16","421,76","33,74"
"10/03/2022","16-17","424,59","33,74"
"10/03/2022","17-18","503,84","33,74"
"10/03/2022","18-19","612,45","100,76"
"10/03/2022","19-20","642,77","100,76"
"10/03/2022","20-21","627,87","100,76"
"10/03/2022","21-22","604,22","100,76"
"10/03/2022","22-23","438,05","33,74"
"10/03/2022","23-24","434,96","33,74"
"11/03/2022","00-01","354,44","4,35"
"11/03/2022","01-02","334,51","4,35"
"11/03/2022","02-03","321,78","4,35"
"11/03/2022","03-04","281,52","4,35"
"11/03/2022","04-05","223,48","4,35"
"11/03/2022","05-06","244,18","4,35"
"11/03/2022","06-07","354,35","4,35"
"11/03/2022","07-08","384,50","4,35"
"11/03/2022","08-09","414,80","33,74"
"11/03/2022","09-10","405,94","33,74"
"11/03/2022","10-11","462,67","100,76"
"11/03/2022","11-12","432,59","100,76"
"11/03/2022","12-13","437,73","100,76"
"11/03/2022","13-14","429,75","100,76"
"11/03/2022","14-15","365,83","33,74"
"11/03/2022","15-16","365,48","33,74"
"11/03/2022","16-17","369,98","33,74"
"11/03/2022","17-18","401,07","33,74"
"11/03/2022","18-19","485,29","100,76"
"11/03/2022","19-20","530,12","100,76"
"11/03/2022","20-21","585,85","100,76"
"11/03/2022","21-22","593,09","100,76"
"11/03/2022","22-23","453,33","33,74"
"11/03/2022","23-24","437,23","33,74"
"12/03/2022","00-01","370,60","4,35"
"12/03/2022","01-02","365,90","4,35"
"12/03/2022","02-03","361,13","4,35"
"12/03/2022","03-04","326,98","4,35"
"12/03/2022","04-05","320,34","4,35"
"12/03/2022","05-06","334,89","4,35"
"12/03/2022","06-07","331,86","4,35"
"12/03/2022","07-08","349,82","4,35"
"12/03/2022","08-09","331,65","4,35"
"12/03/2022","09-10","304,26","4,35"
"12/03/2022","10-11","267,41","4,35"
"12/03/2022","11-12","259,33","4,35"
"12/03/2022","12-13","253,14","4,35"
"12/03/2022","13-14","253,06","4,35"
"12/03/2022","14-15","248,69","4,35"
"12/03/2022","15-16","252,13","4,35"
"12/03/2022","16-17","264,92","4,35"
"12/03/2022","17-18","280,62","4,35"
"12/03/2022","18-19","359,57","4,35"
"12/03/2022","19-20","366,05","4,35"
"12/03/2022","20-21","367,55","4,35"
"12/03/2022","21-22","356,08","4,35"
"12/03/2022","22-23","342,48","4,35"
"12/03/2022","23-24","334,92","4,35"
"13/03/2022","00-01","288,26","4,35"
"13/03/2022","01-02","290,99","4,35"
"13/03/2022","02-03","287,20","4,35"
"13/03/2022","03-04","269,10","4,35"
"13/03/2022","04-05","252,93","4,35"
"13/03/2022","05-06","284,58","4,35"
"13/03/2022","06-07","296,23","4,35"
"13/03/2022","07-08","297,88","4,35"
"13/03/2022","08-09","289,50","4,35"
"13/03/2022","09-10","320,76","4,35"
"13/03/2022","10-11","282,55","4,35"
"13/03/2022","11-12","276,41","4,35"
"13/03/2022","12-13","276,57","4,35"
"13/03/2022","13-14","318,31","4,35"
"13/03/2022","14-15","288,84","4,35"
"13/03/2022","15-16","290,60","4,35"
"13/03/2022","16-17","295,13","4,35"
"13/03/2022","17-18","332,50","4,35"
"13/03/2022","18-19","364,96","4,35"
"13/03/2022","19-20","452,38","4,35"
"13/03/2022","20-21","481,95","4,35"
"13/03/2022","21-22","436,44","4,35"
"13/03/2022","22-23","402,57","4,35"
"13/03/2022","23-24","383,85","4,35"
